,Weight,Height
0,45,127.6834713262559
1,50,132.9230964595926
2,55,138.16272159292933
3,60,143.40234672626605
4,65,148.6419718596028
5,70,153.88159699293948
6,75,159.12122212627622
7,80,164.36084725961294
8,85,169.60047239294965
9,90,174.84009752628637
